ID Number,Name,User Type
100001,John Smith,Student
100002,Jane Doe,Staff
100003,Michael Johnson,Student
100004,Emily Davis,Student
100005,Chris Brown,Staff
100006,Jessica Wilson,Student
100007,Daniel Miller,Staff
100008,Sarah Moore,Student
100009,Matthew Taylor,Student
100010,Ashley Anderson,Staff
100011,Joshua Thomas,Student
100012,Amanda Jackson,Student
100013,Ethan White,Staff
100014,Sophia Harris,Student
100015,Andrew Martin,Staff
100016,Olivia Thompson,Student
100017,Alexander Garcia,Student
100018,Emma Martinez,Staff
100019,David Robinson,Student
100020,Mia Clark,Student
100021,James Rodriguez,Staff
100022,Isabella Lewis,Student
100023,Liam Lee,Student
100024,Abigail Walker,Staff
100025,Elijah Hall,Student
100026,Charlotte Allen,Student
100027,Mason Young,Staff
100028,Avery King,Student
100029,Logan Wright,Student
100030,Scarlett Scott,Staff
100031,Lucas Green,Student
100032,Aria Adams,Student
100033,Oliver Baker,Staff
100034,Harper Nelson,Student
100035,Ella Carter,Student
100036,Henry Mitchell,Staff
100037,Lily Perez,Student
100038,Samuel Roberts,Student
100039,Sofia Turner,Staff
100040,Benjamin Phillips,Student
100041,Grace Parker,Student
100042,Jackson Evans,Staff
100043,Victoria Edwards,Student
100044,William Collins,Student
100045,Hannah Stewart,Staff
100046,Jack Sanchez,Student
100047,Zoe Morris,Student
100048,Michael Cooper,Staff
100049,Chloe Murphy,Student
100050,Daniel Rivera,Student
100051,Olivia Bailey,Staff
100052,Jack Foster,Student
100053,Emily Griffin,Student
100054,Lucas Harris,Staff
100055,Aiden Alexander,Student
100056,Sophia Bennett,Staff
100057,Isabella Martinez,Student
100058,James Wilson,Student
100059,Liam Carter,Staff
100060,Amelia Hughes,Student
100061,Matthew Adams,Student
100062,Chloe King,Staff
100063,Henry Thompson,Student
100064,Samuel Clark,Staff
100065,Harper Evans,Student
100066,Ava Scott,Staff
100067,Isaiah Price,Student
100068,Charlotte Green,Student
100069,William Mitchell,Staff
100070,Lucas Morris,Student
100071,Grace Lee,Student
100072,David Clark,Staff
100073,Sophia Harris,Student
100074,Oliver Lee,Staff
100075,Mia Turner,Student
100076,Elijah Green,Student
100077,Isabella Walker,Staff
100078,Aidan Allen,Student
100079,Grace Turner,Student
100080,Henry Brown,Staff
100081,Abigail Martin,Student
100082,Joshua Wilson,Student
100083,Samuel Brown,Staff
100084,Lily Johnson,Student
100085,Alexander Lee,Staff
100086,Elijah Davis,Student
100087,Jack Thomas,Staff
100088,Avery Allen,Student
100089,Lucas Perez,Staff
100090,Mason Phillips,Student
100091,David Walker,Student
100092,James White,Staff
100093,Victoria Young,Student
100094,Grace Lewis,Student
100095,Isabella Johnson,Staff
100096,Samuel Lee,Student
100097,Olivia Parker,Staff
100098,Abigail Roberts,Student
100099,Henry Evans,Student
100100,Mia Thomas,Staff
